family,module,quantity,mfr_part,proposed_by_claude,lcsc,type,package,stock,in_stock,price,description
ESP32-S3-MINI,MCU,1,ESP32-S3-MINI-1-N8,True,C2913206,Extended,SMD,6353,True,3.6477,-40C~+85C -98.2dBm 2.4GHz 20.5dBm 355mA 3V~3.6V 97mA Bluetooth5.0 ESP32-S3FN8 Chip On-board PCB Antenna UART SMD WiFi Modules ROHS
ESP32-S3-MINI,MCU,1,ESP32-S3-MINI-1-N4R2,False,C3013941,Extended,SMD,2467,True,4.4511,On-board PCB Antenna SMD WiFi Modules ROHS
ESP32-S3-MINI,MCU,1,ESP32-S3-MINI-1U-N8,False,C2980299,Extended,VFQFN-56-EP,2204,True,4.0692,-40C~+85C -98.2dBm 2.4GHz 21dBm 355mA 3V~3.6V 95mA Bluetooth5.0 ESP32-S3 UART VFQFN-56-EP WiFi Modules ROHS
ESP32-S3-MINI,MCU,1,ESP32-S3-MINI-1,False,C9900015247,Extended,ESP32-S3-MINI-1,0,False,0.002,ESP32-S3-MINI-1 SMT ROHS
ESP32-S3-MINI,MCU,1,ESP32-S3-MINI-1U-N4R2,False,C9900091526,Extended,module,0,False,0.0191,module New Arrivals ROHS
ESP32-S3-MINI,MCU,1,ESP32-S3-MINI-1U-N4R2,False,C22356044,Extended,"SMD,15.4x15.4mm",0,False,4.5987,"-40C~+85C -98.2dBm 2.4GHz 20.5dBm 355mA 3V~3.6V 95mA ESP32-S3FH4R2 UART SMD,15.4x15.4mm WiFi Modules ROHS"
ESP32-S3-MINI,MCU,1,ESP32-S3-MINI-1U-4NR2,False,C9900113988,Extended,LGA-73,0,False,0.0191,LGA-73 New Arrivals ROHS
SI4735,RADIO,1,SI4735-D60-GU,True,CONSIGNMENT,Extended,SSOP-24-150mil,0,False,10.5122,-20C~+85C 2.7V~5.5V 64MHz~108MHz Receivers SPI SSOP-24-150mil RF Transceiver ICs ROHS
SI4735,RADIO,1,SI4735-D60-GM,False,C5363643,Extended,QFN-20-EP(3x3),0,False,0.0191,QFN-20-EP(3x3) Abolished Device ROHS
SI4735,RADIO,1,SI4735-D60-GU,False,C20606508,Extended,SSOP-24-150mil,0,False,0.0191,SSOP-24-150mil Abolished Device ROHS
SI4735,RADIO,1,SI4735-D60-GMR,False,C2155662,Extended,QFN-20-EP(3x3),0,False,2.3253,QFN-20-EP(3x3) RF Transceiver ICs ROHS
SI4735,RADIO,1,SI4735-D60-GUR,False,C17686189,Extended,SSOP-24-150mil,0,False,7.8918,-20C~+85C 2V~5.5V 3-Wire SSOP-24-150mil Interface - Specialized ROHS
PAM8908,AMP,1,PAM8908JER,True,C33233,Extended,QFN-16-EP(3x3),291,True,0.2248,-40C~+85C 0.03% 100dB 2 Pairs Differential Inputs 2-Channel 2.5V~5.5V 35mWx2@16Ohm 4mA 75dB Class AB Differential QFN-16-EP(3x3) Audio Amplifiers ROHS
PAM8908,AMP,1,D-PAM8908JER,False,C5148575,Extended,QFN-16,0,False,1.6679,QFN-16 Audio Amplifiers ROHS
TP4056,CHARGER,1,TP4056-42-ESOP8,True,C16581,Preferred,ESOP-8,54957,True,0.1375,-40C~+85C 1 1A 2uA 4.2V 4V~8V Charging IC Lithium Battery Support ESOP-8 Battery Management ROHS
TP4056,CHARGER,1,TP4056,False,C725790,Extended,ESOP-8,299691,True,0.0513,-40C~+85C 1 1A 3.7V~6.5V 35uA 4.2V Support Support ESOP-8 Battery Management ROHS
TP4056,CHARGER,1,TP4056-MS,False,C7473158,Extended,SOP-8-EP,73665,True,0.0472,-40C~+85C 1 1A 4.2V 4.2V~9V 70uA Charging IC Support SOP-8-EP Battery Management ROHS
TP4056,CHARGER,1,TP4056,False,C382139,Extended,ESOP-8,60389,True,0.0705,-40C~+85C 1 1A 1uA 4.2V 4V~6V Charging IC Lithium Battery Support ESOP-8 Battery Management ROHS
TP4056,CHARGER,1,TP4056,False,C21713961,Extended,ESOP-8,36243,True,0.0363,-40C~+85C 1 1A 4.2V 40uA 4V~6.5V Charging IC Lithium Battery Not Supported Not Supported ESOP-8 Battery Management ROHS
TP4056,CHARGER,1,TP4056,False,C5311018,Extended,ESOP-8,25131,True,0.0661,-40C~+85C 1 1A 35uA 4.2V 4V~6.5V Charging IC Support Support ESOP-8 Battery Management ROHS
TP4056,CHARGER,1,TP4056,False,C22470410,Extended,ESOP-8,23760,True,0.0395,-40C~+85C 1 1A 1uA 4.2V 4.5V~5.5V Not Supported Support ESOP-8 Battery Management ROHS
TP4056,CHARGER,1,TP4056H-TD,False,C49023496,Extended,ESOP-8,7371,True,0.0579,-40C~+105C 1 1.2A 100uA 4.2V 4.5V~5.5V Charging IC Lithium Battery Support Support ESOP-8 Battery Management ROHS
TP4056,CHARGER,1,TP4056,False,C42422118,Extended,ESOP-8,6566,True,0.0341,-25C~+125C 1 1A 4.2V 4.5V~6V 55uA Charging IC Lithium Battery Support ESOP-8 Battery Management ROHS
TP4056,CHARGER,1,TP4056-42-EMSOP8,False,C21417,Extended,MSOP-8-EP,4820,True,0.1635,-40C~+85C 1 1A 2uA 4.2V 4V~8V Charging IC Lithium Battery Support MSOP-8-EP Battery Management ROHS
TP4056,CHARGER,1,TP4056EDTR(XBLW),False,C22451416,Extended,ESOP-8,4691,True,0.0294,-20C~+85C 1 1A 4.2V 4.5V~6V 55uA Charging IC Lithium Battery Support ESOP-8 Battery Management ROHS
TP4056,CHARGER,1,TP4056HNS,False,C53055870,Extended,ESOP-8,3990,True,0.0326,ESOP-8 Battery Management ROHS
TP4056,CHARGER,1,TP4056X-42-ESOP8,False,C2763448,Extended,SOP-8-EP,3356,True,0.1556,-40C~+85C 1 1A 4.2V 4V~8V 70uA Charging IC Lithium Battery Not supported Support SOP-8-EP Battery Management ROHS
TP4056,CHARGER,1,TP4056NS,False,C51927325,Extended,ESOP-8,1840,True,0.0233,ESOP-8 Battery Management ROHS
TP4056,CHARGER,1,TP4056,False,C20199357,Extended,ESOP-8,170,True,0.0355,-300mV~8V -40C~+85C 1 100uA 1A 4.2V Charging IC Support ESOP-8 Battery Management ROHS
TP4056,CHARGER,1,HTP4056,False,C25503847,Extended,ESOP-8,2,True,0.0442,-40C~+85C 1 1.2A 4.2V 4.5V~8V 55uA Support Support ESOP-8 Battery Management ROHS
TP4056,CHARGER,1,TP4056,False,C9900002169,Extended,TP4056,0,False,0.0002,TP4056 SMT ROHS
TP4056,CHARGER,1,TP4056,False,C9900006636,Extended,ESOP-8_L4.9-W3.9-P1.27-LS6.0-BL-EP,0,False,0.0002,ESOP-8_L4.9-W3.9-P1.27-LS6.0-BL-EP SMT ROHS
TP4056,CHARGER,1,TP4056,False,C17702041,Extended,ESOP-8,0,False,0.0513,-40C~+85C 1 1A 4.2V 4V~8V 55uA Support Support ESOP-8 Battery Management ROHS
TP4056,CHARGER,1,TP4056,False,C49045948,Extended,ESOP-8L,0,False,0.0621,-40C~+85C 1 1.2A 4.2V 45uA 4V~6V Charging IC Lithium Battery Support Support ESOP-8L Battery Management ROHS
TP4056,CHARGER,1,TP4056X,False,C191323,Extended,SOP-8-EP,0,False,0.1831,-40C~+85C 1 4.2V 4V~8V SOP-8-EP Battery Management ROHS
TP4056,CHARGER,1,TP4056D,False,C9900006240,Extended,ESOP-8_150MIL,0,False,0.0002,ESOP-8_150MIL SMT ROHS
TP4056,CHARGER,1,TP4056E,False,C9900023532,Extended,ESOP8,0,False,0.0191,ESOP8 SMT ROHS
TP4056,CHARGER,1,TP4056E,False,C9900041041,Extended,SO-8,0,False,0.0191,SO-8 New Arrivals ROHS
TP4056,CHARGER,1,MSTP4056H,False,C49208531,Extended,ESOP-8,0,False,0.0658,1 1A 4.2V 80uA Charging IC Lithium Battery Not supported Support ESOP-8 Battery Management ROHS
TP4056,CHARGER,1,TP4056 (LX),False,C49246856,Extended,ESOP-8,0,False,0.0245,-40C~+85C 1 1A 4.2V 4.5V~5.5V 70uA Charging IC Lithium Battery Support ESOP-8 Battery Management ROHS
TP4056,CHARGER,1,TP4056 ESOP8,False,C9900238799,Extended,ESOP-8,0,False,0.0191,ESOP-8 SMT ROHS
TP4056,CHARGER,1,TP4056/LN2053,False,C9900144955,Extended,ESOP-8,0,False,0.0191,ESOP-8 New Arrivals ROHS
TP4056,CHARGER,1,MSTP4056H(2x2),False,C49208530,Extended,DFN-8(2x2),0,False,0.0847,1 1A 4.2V 5V 65uA Charging IC Lithium Battery Support DFN-8(2x2) Battery Management ROHS
TP4056,CHARGER,1,TP4056充电源模块板（Type-C）,False,C9900049108,Extended,Plugin,0,False,0.0191,Plugin New Arrivals ROHS
ME6211,LDO,1,ME6211C33M5G-N,True,C82942,Extended,SOT-23-5,192509,True,0.0366,"-40C~+150C 1 120mV@(100mA) 3.3V 500mA 50uVrms 60uA 6V 70dB@(1kHz) Fixed Over Current Protection Positive SOT-23-5 Voltage Regulators - Linear, Low Drop Out (LDO) Regulators ROHS"
ME6211,LDO,1,ME6211A33M3G-N,False,C168807,Extended,SOT-23-3,11439,True,0.0434,"-40C~+150C 1 120mV@(100mA) 3.3V 500mA 50uVrms 60uA 6V 70dB@(1kHz) Fixed Over Current Protection Positive SOT-23-3 Voltage Regulators - Linear, Low Drop Out (LDO) Regulators ROHS"
ME6211,LDO,1,ME6211C30M5G-N,False,C403651,Extended,SOT-23-5,7917,True,0.0393,"-40C~+85C@(Ta) 1 100mV@(100mA) 30uA 3V 500mA 50uVrms 6V 70dB@(1kHz) Fixed Over Current Protection Positive SOT-23-5 Voltage Regulators - Linear, Low Drop Out (LDO) Regulators ROHS"
ME6211,LDO,1,ME6211A33PG-N,False,C236673,Extended,SOT-89,7696,True,0.0481,"-40C~+150C@(Ta) 1 120mV@(100mA) 3.3V 30uA 500mA 50uVrms 6V 70dB@(1kHz) Fixed Over Current Protection Positive SOT-89 Voltage Regulators - Linear, Low Drop Out (LDO) Regulators ROHS"
ME6211,LDO,1,ME6211C33U4AG-N,False,C428904,Extended,X2-SON-4-EP(1x1),6721,True,0.0326,"-40C~+85C@(Ta) 1 260mV@(200mA) 3.3V 30uA 500mA 50uVrms 6V 70dB@(1kHz) Fixed Over Current Protection Positive X2-SON-4-EP(1x1) Voltage Regulators - Linear, Low Drop Out (LDO) Regulators ROHS"
ME6211,LDO,1,ME6211A12M3G-N,False,C236678,Extended,SOT-23,5226,True,0.0424,"-40C~+150C 1 1.2V 300mA 30uA 500mV@(200mA) 50uVrms 6V 70dB@(1kHz) Fixed Over Current Protection Positive SOT-23 Voltage Regulators - Linear, Low Drop Out (LDO) Regulators ROHS"
ME6211,LDO,1,ME6211C15M5G-N,False,C53100,Extended,SOT-23-5,4802,True,0.0367,"-40C~+85C 1 1.5V 300mA 6V 70dB@(1kHz) Enable Fixed Positive SOT-23-5 Voltage Regulators - Linear, Low Drop Out (LDO) Regulators ROHS"
ME6211,LDO,1,ME6211C25M5G-N,False,C194395,Extended,SOT-23-5,4516,True,0.0376,"-40C~+150C 1 2.5V 220mV@(200mA) 30uA 400mA 50uVrms 62dB@(10kHz) 6V Enable Fixed Positive SOT-23-5 Voltage Regulators - Linear, Low Drop Out (LDO) Regulators ROHS"
ME6211,LDO,1,ME6211C30M5G,False,C94042,Extended,SOT-23-5,4455,True,0.0408,"-40C~+150C 1 100mV@(100mA) 30uA 3V 500mA 50uVrms 6V 70dB@(1kHz) Fixed Over Current Protection Positive SOT-23-5 Voltage Regulators - Linear, Low Drop Out (LDO) Regulators ROHS"
ME6211,LDO,1,ME6211C12M5G-N,False,C236672,Extended,SOT-23-5,3803,True,0.0401,"-40C~+150C 1 1.2V 280mV@(100mA) 300mA 30uA 50uVrms 6V 70dB@(1kHz) Fixed Over Current Protection Positive SOT-23-5 Voltage Regulators - Linear, Low Drop Out (LDO) Regulators ROHS"
ME6211,LDO,1,ME6211C28R5G,False,C427595,Extended,SOT-353,2785,True,0.0594,"-40C~+150C@(Ta) 1 2.8V 220mV@(200mA) 30uA 450mA 50uVrms 6V 70dB@(1kHz) Fixed Over Current Protection Positive SOT-353 Voltage Regulators - Linear, Low Drop Out (LDO) Regulators ROHS"
ME6211,LDO,1,ME6211C15U4AG-N,False,C427593,Extended,FBP-4L-EP(1x1),2610,True,0.0332,"-40C~+150C 1 1.5V 300mA 50uVrms 6V 70dB@(1kHz) Fixed Over Current Protection Positive FBP-4L-EP(1x1) Voltage Regulators - Linear, Low Drop Out (LDO) Regulators ROHS"
ME6211,LDO,1,ME6211A28M3G-N,False,C236676,Extended,SOT-23,2269,True,0.0398,"-40C~+150C@(Ta) 1 2.8V 220mV@(200mA) 30uA 500mA 50uVrms 6V 70dB@(1kHz) Fixed Over Current Protection Positive SOT-23 Voltage Regulators - Linear, Low Drop Out (LDO) Regulators ROHS"
ME6211,LDO,1,ME6211A30M3G-N,False,C236675,Extended,SOT-23,1833,True,0.0393,"-40C~+150C 1 100mV@(100mA) 30uA 3V 500mA 50uVrms 6V 70dB@(1kHz) Fixed Over Current Protection Positive SOT-23 Voltage Regulators - Linear, Low Drop Out (LDO) Regulators ROHS"
ME6211,LDO,1,ME6211C28M5G-N,False,C53099,Extended,SOT-23-5,1453,True,0.0428,"-40C~+85C@(Ta) 1 2.8V 220mV@(200mA) 450mA 50uVrms 55uA 6V 70dB@(1kHz) Enable Fixed Positive SOT-23-5 Voltage Regulators - Linear, Low Drop Out (LDO) Regulators ROHS"
ME6211,LDO,1,ME6211A18M3G-N,False,C236677,Extended,SOT-23,1289,True,0.0378,"-40C~+150C 1 1.8V 300mA 30uA 400mV@(200mA) 50uVrms 6V 70dB@(1kHz) Fixed Over Current Protection Positive SOT-23 Voltage Regulators - Linear, Low Drop Out (LDO) Regulators ROHS"
ME6211,LDO,1,ME6211A25M3G-N,False,C2835782,Extended,SOT-23-3,982,True,0.0484,"-40C~+85C@(Ta) 1 2.5V 30uA 400mA 50uVrms 6V 70dB@(1kHz) 80mV@(100mA) Enable Fixed Positive SOT-23-3 Voltage Regulators - Linear, Low Drop Out (LDO) Regulators ROHS"
ME6211,LDO,1,ME6211A30PG-N,False,C2925771,Extended,SOT-89,960,True,0.0509,"-40C~+150C@(Ta) 1 210mV@(200mA) 30uA 3V 500mA 50uVrms 62dB@(10kHz) 6V Fixed Over Current Protection Positive SOT-89 Voltage Regulators - Linear, Low Drop Out (LDO) Regulators ROHS"
ME6211,LDO,1,ME6211C33R5G,False,C235316,Extended,SOT-353,900,True,0.0439,"-40C~+150C 1 120mV@(100mA) 3.3V 30uA 500mA 50uVrms 6V 70dB@(1kHz) Enable Fixed Positive SOT-353 Voltage Regulators - Linear, Low Drop Out (LDO) Regulators ROHS"
ME6211,LDO,1,ME6211C50M5G-N,False,C236670,Extended,SOT-23-5,662,True,0.0433,"-40C~+150C@(Tj) 1 200mV@(200mA) 30uA 500mA 50uVrms 5V 6V 70dB@(1kHz) Enable Fixed Positive SOT-23-5 Voltage Regulators - Linear, Low Drop Out (LDO) Regulators ROHS"
ME6211,LDO,1,ME6211C18M5G-N,False,C236671,Extended,SOT-23-5,41,True,0.0378,"-40C~+150C@(Ta) 1 1.8V 200mV@(100mA) 300mA 30uA 50uVrms 6V 70dB@(1kHz) Enable Fixed Positive SOT-23-5 Voltage Regulators - Linear, Low Drop Out (LDO) Regulators ROHS"
ME6211,LDO,1,ME6211C28U4AG-N,False,C427594,Extended,X2-SON-4-EP(1x1),0,False,0.0459,"-40C~+150C 1 2.8V 220mV@(200mA) 30uA 450mA 50uVrms 62dB@(10kHz) 6V Fixed Over Current Protection Positive X2-SON-4-EP(1x1) Voltage Regulators - Linear, Low Drop Out (LDO) Regulators ROHS"
ME6211,LDO,1,ME6211C25M5G,False,C2835813,Extended,SOT-23-5,0,False,0.0445,"-40C~+85C@(Ta) 1 100mV@(100mA) 2.5V 500mA 50uA 50uVrms 6.5V 75dB@(1kHz) Enable Fixed Positive SOT-23-5 Voltage Regulators - Linear, Low Drop Out (LDO) Regulators ROHS"
ME6211,LDO,1,ME6211C12U4AG-N,False,C5565384,Extended,FBP-4(1x1),0,False,0.0583,FBP-4(1x1) AC-DC Controllers and Regulators ROHS
ME6211,LDO,1,ME6211-18,False,C9900015251,Extended,SOT23-5,0,False,0.002,SOT23-5 SMT ROHS
ME6211,LDO,1,ME6211C33,False,C9900172394,Extended,SOT-23-5,0,False,0.0191,SOT-23-5 SMT ROHS
ME6211,LDO,1,ME6211A25G,False,C9900048060,Extended,SOT23-3-W1.6,0,False,0.0191,SOT23-3-W1.6 New Arrivals ROHS
ME6211,LDO,1,ME6211C-3.3V,False,C9900016510,Extended,SOT-23-5,0,False,0.0191,SOT-23-5 SMT ROHS
ME6211,LDO,1,ME6211C33M5G,False,C9900139058,Extended,DFN2X2-6L,0,False,0.0191,DFN2X2-6L New Arrivals ROHS
ME6211,LDO,1,ME6211C33M5G,False,C9900151594,Extended,SOT23-5,0,False,0.0191,SOT23-5 New Arrivals ROHS
SI2301,PFET,1,SI2301CDS-T1-GE3,True,C10487,Basic,SOT-23,137210,True,0.0433,"-55C~+150C 1 P-Channel 1.6W 10nC@4.5V 142mOhm@2.5V,2.7A 1V@250uA 20V 3.1A 405pF 55pF 75pF P-Channel SOT-23 MOSFETs ROHS"
SI2301,PFET,1,SI2301,False,C2891731,Extended,SOT-23,168162,True,0.0097,-55C~+150C 1 P-Channel 1.5V@250uA 120mOhm@4.5V 2.2A 200pF@10V 20V 700mW 80pF P-Channel SOT-23 MOSFETs ROHS
SI2301,PFET,1,SI2301,False,C181086,Extended,SOT-23,93036,True,0.0162,"-55C~+150C 1 P-Channel 1.6W 10nC@4.5V 115mOhm@2.5V,1.0A 1V@250uA 20V 3A 405pF 55pF 75pF P-Channel SOT-23 MOSFETs ROHS"
SI2301,PFET,1,SI2301,False,C306861,Extended,SOT-23,69785,True,0.0271,-55C~+150C 1 P-Channel 1.25W 1.4V@250uA 10nC@4.5V 110mOhm@4.5V 20V 223pF 3A 415pF 87pF SOT-23 MOSFETs ROHS
SI2301,PFET,1,SI2301A,False,C347482,Extended,SOT-23,56561,True,0.0135,-55C~+150C 1 P-Channel 1V@250uA 2.8A 20V 400mW 405pF 5.5nC@4.5V 55pF 75pF 90mOhm@4.5V P-Channel SOT-23 MOSFETs ROHS
SI2301,PFET,1,SI2301,False,C2938372,Extended,SOT-23,56267,True,0.018,-55C~+150C 1 P-Channel 1.2W 10nC@4.5V 1V@250uA 20V 3A 405pF@10V 55pF@10V 92mOhm@4.5V P-Channel SOT-23 MOSFETs ROHS
SI2301,PFET,1,SI2301CDS-T1-GE3-ES,False,C5224168,Extended,SOT-23,27809,True,0.0101,-55C~+150C 1 P-Channel 185pF 2.2nC@4.5V 20V 25pF 2A 35pF 620mV@250uA 800mW 82mOhm@4.5V P-Channel SOT-23 MOSFETs ROHS
SI2301,PFET,1,SI2301,False,C727151,Extended,SOT-23,24871,True,0.018,"1 P-Channel 112mOhm@4.5V,2.8A 1V 2.8A 20V 350mW 405pF@10V 5.5nC@4.5V 55pF@10V 75pF P-Channel SOT-23 MOSFETs ROHS"
SI2301,PFET,1,SI2301,False,C3036708,Extended,SOT-23,16375,True,0.0259,-55C~+150C 110mOhm@4.5V 2.8A 20V 3.2nC@4.5V 325pF@10V 37pF@10V 400mV 700mW SOT-23 MOSFETs ROHS
SI2301,PFET,1,SI2301S,False,C431492,Extended,SOT-23,16075,True,0.0204,"1 P-Channel 140mOhm@3.3V,1A 177pF@10V 1W 2.3A 20V 25pF@10V 400mV 5.3nC@10V SOT-23 MOSFETs ROHS"
SI2301,PFET,1,SI2301,False,C2985938,Extended,SOT-23-3L,13639,True,0.0191,1 P-Channel 1.25W 10nC@4.5V 115mOhm@2.5V 1V@250uA 20V 3A 589pF 68pF 92pF P-Channel SOT-23-3L MOSFETs ROHS
SI2301,PFET,1,SI2301DS,False,C2841444,Extended,SOT-23-3,10247,True,0.0524,-55C~+150C 110mOhm@4.5V 12nC 1V@250uA 1W 20V 3A 405pF@10V 55pF@10V 75pF SOT-23-3 MOSFETs ROHS
SI2301,PFET,1,SI2301DS-T1-GE3-VB,False,C558243,Extended,SOT-23(TO-236),3523,True,0.0551,-55C~+150C 1 P-Channel 1.5V@250uA 10nC@4.5V 155pF 180pF 2.5W 20V 4A 60mOhm@10V 835pF P-Channel SOT-23(TO-236) MOSFETs ROHS
SI2301,PFET,1,SI2301,False,C351397,Extended,SOT-23,3277,True,0.0163,-55C~+150C 1 P-Channel 1.25W 130mOhm@4.5V 2.3A 20V 223pF 415pF 450mV@250uA 5.8nC 87pF P-Channel SOT-23 MOSFETs ROHS
SI2301,PFET,1,SI2301,False,C382299,Extended,SOT-23,3010,True,0.0226,1 P-Channel 100mOhm@4.5V 10nC@4.5V 2.4A 20V 375pF 65pF 900mW 950mV@250uA 95pF P-Channel SOT-23 MOSFETs ROHS
SI2301,PFET,1,SI2301-TP,False,C77976,Extended,SOT-23,2966,True,0.0294,"-55C~+150C@(Tj) 1 P-Channel 1.25W 120mOhm@4.5V,2.8A 14.5nC@4.5V 1V 2.8A 20V 880pF@6V SOT-23 MOSFETs ROHS"
SI2301,PFET,1,SI2301A-TP,False,C402364,Extended,SOT-23,2940,True,0.027,-55C~+150C 1 P-Channel 120mOhm@4.5V 14.5nC@4.5V 175pF@6V 1W 2.8A 20V 880pF@6V 900mV@250uA P-Channel SOT-23 MOSFETs ROHS
SI2301,PFET,1,SI2301CDS-T1-E3,False,C145226,Extended,SOT-23,1979,True,0.2015,"-55C~+150C 1 P-Channel 1.6W 142mOhm@2.5V,2A 1V@250uA 20V 3.1A 405pF 55pF 75pF P-Channel SOT-23 MOSFETs ROHS"
SI2301,PFET,1,KSI2301CDS-T1-GE3,False,C2891843,Extended,SOT-23,1881,True,0.0186,1 P-Channel 110mOhm@4.5V 12nC@2.5V 1V@250uA 1W 20V 3A 405pF 55pF 75pF P-Channel SOT-23 MOSFETs ROHS
SI2301,PFET,1,SI2301ADS,False,C2841445,Extended,SOT-23-3,1576,True,0.0513,-55C~+150C 110mOhm@4.5V 12nC@2.5V 1V@250uA 1W 20V 3A 405pF@10V 55pF@10V 75pF P-Channel SOT-23-3 MOSFETs ROHS
SI2301,PFET,1,SI2301-HXY,False,C4748713,Extended,SOT-23,1373,True,0.0175,"-55C~+150C 1 P-Channel 12nC@10V 1W 20V 3A 400mV 405pF@10V 55pF@10V 87mOhm@4.5V,3A SOT-23 MOSFETs ROHS"
SI2301,PFET,1,SI2301AI-MS,False,C2847032,Extended,SOT-23,942,True,0.0382,-55C~+150C 110mOhm@4.5V 12nC@4.5V 1V@250uA 1W 20V 3A 405pF 55pF 75pF SOT-23 MOSFETs ROHS
SI2301,PFET,1,SI2301,False,C305428,Extended,SOT-23,725,True,0.0331,-55C~+150C 1 P-Channel 1.25W 130mOhm@4.5V 2.8A 20V 415pF@6V 84pF 950mV@250uA P-Channel SOT-23 MOSFETs ROHS
SI2301,PFET,1,SI2301BDS-T1-GE3-VB,False,C558242,Extended,SOT-23(TO-236),252,True,0.0361,-55C~+150C 1 P-Channel 1.5V 10nC@4.5V 155pF 180pF 2.5W 20V 4A 60mOhm@10V 835pF P-Channel SOT-23(TO-236) MOSFETs ROHS
SI2301,PFET,1,SI2301,False,C3015352,Extended,SOT-23,242,True,0.0352,-55C~+150C 10nC@4.5V 150mOhm@2.5V 2.9A 20V 375pF 65pF 700mW 950mV@250uA 95pF P-Channel SOT-23 MOSFETs ROHS
SI2301,PFET,1,SI2301 3A,False,C2944155,Extended,SOT-23,42,True,0.0135,"-55C~+150C@(Tj) 1 P-Channel 110mOhm@4.5V,3A 12nC@2.5V 1V@250uA 1W 20V 3A 405pF@10V 55pF@10V P-Channel SOT-23 MOSFETs ROHS"
SI2301,PFET,1,SI2301,False,C351398,Extended,SOT-23,10,True,0.0226,"-55C~+150C 1 P-Channel 1.25W 110mOhm@4.5V,3A 1V 20V 3A 415pF@6V 5.8nC@6V 87pF@6V SOT-23 MOSFETs ROHS"
SI2301,PFET,1,SI2301BDS-T1-E3,False,C506595,Extended,SOT-23,4,True,0.2107,"-55C~+150C 1 P-Channel 100mOhm@4.5V,2.8A 10nC@4.5V 2.4A 20V 375pF@6V 65pF@6V 900mW 950mV SOT-23 MOSFETs ROHS"
SI2301,PFET,1,KSI2301CDS-T1-GE3,False,C2891682,Extended,SOT-23-3L,2,True,0.025,1 P-Channel 1.25W 10nC@4.5V 115mOhm@2.5V 1V@250uA 20V 3A 589pF@16V 68pF@16V P-Channel SOT-23-3L MOSFETs ROHS
SI2301,PFET,1,SI2301CDS,False,C2841446,Extended,SOT-23-3,1,True,0.0487,-55C~+150C 110mOhm@4.5V 12nC 1V@250uA 1W 20V 3A 405pF 55pF 75pF SOT-23-3 MOSFETs ROHS
USBLC6,ESD,1,USBLC6-2SC6,True,C2827654,Extended,SOT-23-6,409188,True,0.0294,-55C~+125C 0.35pF 12V 150W 2 5V 6A 6V 80nA ESD IEC 61000-4-2 Unidirectional SOT-23-6 ESD and Surge Protection (TVS/ESD) ROHS
USBLC6,ESD,1,USBLC6-2SC6,False,C2687116,Extended,SOT-23-6,294924,True,0.0288,0.8pF 100nA 150W@8/20us 15V 2 5V 6A@8/20us 6V ESD SOT-23-6 ESD and Surge Protection (TVS/ESD) ROHS
USBLC6,ESD,1,USBLC6-4SC6-ES,False,C5180279,Extended,SOT-23-6L,83073,True,0.0194,0.6pF 12V 1uA 4 4.5A 5V 60W 6V ESD IEC 61000-4-2 Unidirectional SOT-23-6L ESD and Surge Protection (TVS/ESD) ROHS
USBLC6,ESD,1,TPUSBLC6-4SC6,False,C558419,Extended,SOT-23-6,67811,True,0.0312,0.8pF 20V 300nA 3A@8/20us 5V ESD IEC 61000-4-2 SOT-23-6 ESD and Surge Protection (TVS/ESD) ROHS
USBLC6,ESD,1,USBLC6-2SC6,False,C7519,Extended,SOT-23-6L,61140,True,0.0822,-40C~+125C 150nA 17V 2 3.5pF 5.25V 5A 6V ESD IEC 61000-4-2 Unidirectional SOT-23-6L ESD and Surge Protection (TVS/ESD) ROHS
USBLC6,ESD,1,USBLC6-2SC6-ES,False,C5180249,Extended,SOT-23-6L,50667,True,0.0209,-40C~+85C 0.6pF 15V 1uA 2 4.5A 5V 6V 70W@8/20us ESD IEC 61000-4-2 Unidirectional SOT-23-6L ESD and Surge Protection (TVS/ESD) ROHS
USBLC6,ESD,1,USBLC6-4SC6,False,C5197386,Extended,SOT-23-6,50032,True,0.043,-55C~+125C 0.3pF 15V 300W@8/20us 4 4.7A@8/20us 5V 6V 80nA ESD IEC 61000-4-2 Unidirectional SOT-23-6 ESD and Surge Protection (TVS/ESD) ROHS
USBLC6,ESD,1,USBLC6-2SC6,False,C5261088,Extended,SOT-23-6L,29017,True,0.0323,0.8pF 14V 1uA 2 5V 6A 6V Bidirectional ESD IEC 61000-4-2 SOT-23-6L ESD and Surge Protection (TVS/ESD) ROHS
USBLC6,ESD,1,USBLC6-2P6,False,C2827693,Extended,SOT-666-6,22363,True,0.0842,-55C~+125C 0.35pF 14V 2 5.5A 5V 6V 80W 80nA ESD IEC 61000-4-2 Unidirectional SOT-666-6 ESD and Surge Protection (TVS/ESD) ROHS
USBLC6,ESD,1,USBLC6-2P6,False,C15999,Extended,SOT-666-6,21534,True,0.1306,-40C~+125C 150nA 17V 2 3.5pF 5.25V 5A@8/20us 6V ESD IEC 61000-4-2 Unidirectional SOT-666-6 ESD and Surge Protection (TVS/ESD) ROHS
USBLC6,ESD,1,USBLC6-4SC6,False,C111212,Extended,SOT-23-6L,16226,True,0.1236,-40C~+125C@(Tj) 10V 10nA 130W@8/20us 17V 3pF 4 5.25V 5A ESD IEC 61000-4-2 Unidirectional SOT-23-6L ESD and Surge Protection (TVS/ESD) ROHS
USBLC6,ESD,1,TPUSBLC6-2P6,False,C2682291,Extended,SOT-666-6,15874,True,0.1034,-55C~+125C 0.8pF 100W@8/20us 16V 5A@8/20us 5V 6.5V 80nA IEC 61000-4-2 SOT-666-6 ESD and Surge Protection (TVS/ESD) ROHS
USBLC6,ESD,1,USBLC6-2SC6Y,False,C5310974,Extended,SOT-23-6,7864,True,0.1324,-55C~+125C 0.6pF 12V 150W@8/20us 5V 6.5V 80nA 9A@8/20us IEC 61000-4-2 SOT-23-6 ESD and Surge Protection (TVS/ESD) ROHS
USBLC6,ESD,1,USBLC6-2P6,False,C22390016,Extended,SOT-563,5843,True,0.0404,-40C~+125C 0.6pF 12V 1uA 2 4.5A@8/20us 5V 60W@8/20us 6V IEC 61000-4-2 TVS Unidirectional SOT-563 ESD and Surge Protection (TVS/ESD) ROHS
USBLC6,ESD,1,USBLC6-2P6-ES,False,C5199178,Extended,SOT-563,5094,True,0.0704,-40C~+125C 0.6pF 12V 1uA 2 4.5A 5V 60W 6V ESD IEC 61000-4-2 Unidirectional SOT-563 ESD and Surge Protection (TVS/ESD) ROHS
USBLC6,ESD,1,USBLC6-2SC6,False,C5250994,Extended,SOT-23-6,3392,True,0.0665,-55C~+125C 0.8pF 100nA 150W 15V 5V 6A 9V ESD IEC 61000-4-2 SOT-23-6 ESD and Surge Protection (TVS/ESD) ROHS
USBLC6,ESD,1,USBLC6-2P6,False,C53059594,Extended,SOT-666,3000,True,0.0629,SOT-666 ESD and Surge Protection (TVS/ESD) ROHS
USBLC6,ESD,1,TPUSBLC6-2SC6,False,C558442,Extended,SOT-23-6,2969,True,0.0312,-55C~+125C 0.8pF 100nA 15V 2 5V 9V ESD IEC 61000-4-2 SOT-23-6 ESD and Surge Protection (TVS/ESD) ROHS
USBLC6,ESD,1,USBLC6-2P6-MS,False,C3647099,Extended,SOT-666,2489,True,0.0965,SOT-666 ESD and Surge Protection (TVS/ESD) ROHS
USBLC6,ESD,1,USBLC6-2SC6Y,False,C2969755,Extended,SOT-23-6L,2243,True,0.1741,-40C~+150C 10nA 12V 2 2.5pF 6V ESD Unidirectional SOT-23-6L ESD and Surge Protection (TVS/ESD) ROHS
USBLC6,ESD,1,USBLC6-4SC6,False,C5289084,Extended,SOT-26,1879,True,0.0513,0.5pF 1uA 28V 350W@8/20us 4 5V 6V ESD IEC 61000-4-2 SOT-26 ESD and Surge Protection (TVS/ESD) ROHS
USBLC6,ESD,1,USBLC6-2SC6,False,C6807798,Extended,SOT-23-6L,1787,True,0.0354,-55C~+125C 10.4V 10nA 120W 5V 6pF 8A 9V ESD IEC 61000-4-2 Unidirectional three routes SOT-23-6L ESD and Surge Protection (TVS/ESD) ROHS
USBLC6,ESD,1,USBLC6-2P6,False,C49451919,Extended,SOT-563,1406,True,0.0586,-55C~+150C 0.5pF 14V 2 5.5A 5V 6V 80W 80nA ESD Unidirectional SOT-563 ESD and Surge Protection (TVS/ESD) ROHS
USBLC6,ESD,1,USBLC6-4SC6-MS,False,C5140052,Extended,SOT-23-6,1134,True,0.0373,0.6pF 16V 1uA 5V 6V 80W@8/20us ESD IEC 61000-4-2 Unidirectional SOT-23-6 ESD and Surge Protection (TVS/ESD) ROHS
USBLC6,ESD,1,USBLC6-2P6,False,C21713974,Extended,SOT-563,317,True,0.0544,-55C~+125C@(Tj) 0.8pF 13V 150W 1uA 2 5A 5V 6V ESD IEC 61000-4-2 Unidirectional SOT-563 ESD and Surge Protection (TVS/ESD) ROHS
USBLC6,ESD,1,USBLC6-2SC6-MS,False,C3029034,Extended,SOT-23-6,133,True,0.0439,-40C~+125C 0.8pF 150W 15V 1uA 2 4.5A 5V 6V ESD IEC 61000-4-2 Unidirectional SOT-23-6 ESD and Surge Protection (TVS/ESD) ROHS
USBLC6,ESD,1,USBLC6-4SC6Y,False,C435848,Extended,SOT-23-6L,53,True,0.1519,-40C~+150C 10nA 17V 3pF 4 5.25V 6V ESD SOT-23-6L ESD and Surge Protection (TVS/ESD) ROHS
USBLC6,ESD,1,USBLC6-4SC6,False,C5344574,Extended,SOT-23-6,33,True,0.0379,0.2pF 1 13V 3.5A@8/20us 500nA 5V 60W@8/20us 7.8V ESD IEC 61000-4-2 Unidirectional SOT-23-6 ESD and Surge Protection (TVS/ESD) ROHS
USBLC6,ESD,1,MSUSBLC6-2SC6,False,C2830148,Extended,SOT-23-6,3,True,0.0848,-40C~+125C 0.8pF 150W 15V 1uA 2 5V 6A 9V ESD IEC 61000-4-2 Unidirectional SOT-23-6 ESD and Surge Protection (TVS/ESD) ROHS
USBLC6,ESD,1,PJUSBLC6-2,False,C41398769,Extended,SOT23-6,0,False,0.0191,SOT23-6 New Arrivals ROHS
WS2812B,LED,3,XL-5050RGBC-2812B,True,C2843785,Extended,SMD5050-4P,1717547,True,0.0343,-20C~+85C 0.3mA 1.6mm 120 deg  2000V 3.5V~5.5V 465nm~475nm 4kHz 5mm 5mm 800Kbit/s G:1300mcd~1800mcd Top-mount Water Clear SMD5050-4P RGB LEDs(Built-in IC) ROHS
WS2812B,LED,3,XL-1010RGBC-2812B,False,C5349953,Extended,"SMD,1x1mm",731969,True,0.0477,"-20C~+85C 0.35mA 0.8mm 120 deg  1kHz 1mm 1mm 2000V 200mcd 4.5V~5.5V 620nm~625nm 800Kbit/s G:525nm Top-mount Water Clear SMD,1x1mm RGB LEDs(Built-in IC) ROHS"
WS2812B,LED,3,WS2812B-2020,False,C965555,Extended,"SMD,2.2x2mm",523468,True,0.0647,"200mcd 2kHz 5V 622.5nm 800Kbit/s op View Mount SMD,2.2x2mm RGB LEDs(Built-in IC) ROHS"
WS2812B,LED,3,XL-1615RGBC-2812B,False,C5349954,Extended,"SMD-4P,1.6x1.5mm",343231,True,0.0367,"-20C~+85C 0.35mA 0.6mm 1.5mm 1.6mm 120 deg  130mcd 3.5V~5.5V 3000V 4.5kHz 620nm~625nm 800Kbit/s G:525nm Water Clear op View Mount SMD-4P,1.6x1.5mm RGB LEDs(Built-in IC) ROHS"
WS2812B,LED,3,XL-2020RGBC-2812B,False,C5349955,Extended,2020,170690,True,0.0644,-20C~+85C 0.5mA 0.65mm 1.5kHz 120 deg  150mcd 2000V 2mm 2mm 3.5V~5.5V 620nm~625nm 800Kbit/s G:525nm Translucent Frosted Lens op View Mount 2020 RGB LEDs(Built-in IC) ROHS
WS2812B,LED,3,WS2812B-V5/W,False,C2874885,Extended,SMD5050-4P,169206,True,0.0667,-40C~+65C 0.6mA 1.57mm 2kHz 5.4mm 5V 5mm 800Kbit/s B:465nm~475nm R:310mcd SMD5050-4P RGB LEDs(Built-in IC) ROHS
WS2812B,LED,3,WS2812B-B/T,False,C2761795,Extended,SMD5050-4P,152946,True,0.063,0.6mA 1.57mm 2kHz 5.4mm 5mm 621nm 800Kbit/s G:520nm G:600mcd~1000mcd SMD5050-4P RGB LEDs(Built-in IC) ROHS
WS2812B,LED,3,XL-3528RGBW-2812B,False,C2890364,Extended,SMD3528-4P,136265,True,0.0571,-20C~+85C 0.5mA 1.5kHz 1.85mm 120 deg  2.8mm 2000V 3.5V~5.5V 3.5mm 520nm~525nm 800Kbit/s B:100mcd~200mcd G:525nm op View Mount SMD3528-4P RGB LEDs(Built-in IC) ROHS
WS2812B,LED,3,XL-0807RGBC-2812B,False,C3646929,Extended,"SMD-4P,2x1.8mm",108083,True,0.0729,"-20C~+85C 0.35mA 0.8mm 1.8mm 120 deg  2mm 3000V 4.5kHz 4V~5.5V 800Kbit/s G:525nm R:200mcd R:620nm~630nm Water Clear op View Mount SMD-4P,2x1.8mm RGB LEDs(Built-in IC) ROHS"
WS2812B,LED,3,XL-3030RGBC-2812B,False,C5349958,Extended,SMD3030-4P,98219,True,0.0798,-20C~+85C 0.5mA 1.1mm 1.5kHz 120 deg  2000V 200mcd 3.5V~5.5V 3mm 3mm 465nm~475nm 800Kbit/s G:525nm Translucent Frosted Lens op View Mount SMD3030-4P RGB LEDs(Built-in IC) ROHS
WS2812B,LED,3,WS2812B-4020,False,C965557,Extended,"SMD,4x2mm",65764,True,0.0682,"620nm~625nm SMD,4x2mm RGB LEDs(Built-in IC) ROHS"
WS2812B,LED,3,WS2812B-MINI-X2,False,C4154873,Extended,SMD3535-4P,57532,True,0.0939,0.6mA 2kHz 800Kbit/s B:215mcd R:620nm~625nm SMD3535-4P RGB LEDs(Built-in IC) ROHS
WS2812B,LED,3,XL-4020RGBC-2812B,False,C3647024,Extended,"SMD-4P,4x2mm",26708,True,0.102,"-20C~+85C 1.5kHz 1.7mm 1.95mm 120 deg  2000V 3.95mm 4.5V~5.5V 800Kbit/s B:100mcd~200mcd B:465nm~475nm G:525nm Side View Mount Water Clear SMD-4P,4x2mm RGB LEDs(Built-in IC) ROHS"
WS2812B,LED,3,WS2812B-XF02/W,False,C4154882,Extended,SMD5050-4P,23641,True,0.0466,0.6mA 2kHz 800Kbit/s R:350mcd R:620nm~625nm SMD5050-4P RGB LEDs(Built-in IC) ROHS
WS2812B,LED,3,WS2812B-MINI-V3/W,False,C527089,Extended,SMD3535-4P,10581,True,0.0713,0.6mA 4000V 622nm 800Kbit/s R:310mcd SMD3535-4P RGB LEDs(Built-in IC) ROHS
WS2812B,LED,3,WS2812B-XF01/W,False,C4154881,Extended,SMD5050-4P,2339,True,0.0635,SMD5050-4P RGB LEDs(Built-in IC) ROHS
WS2812B,LED,3,XL-2121RGBC-2812B,False,C5349957,Extended,"SMD-4P,2x2mm",374,True,0.0749,"-20C~+85C 0.7mA 1.5kHz 120 deg  1mm 2.1mm 2.1mm 2000V 200mcd 3V~5.5V 465nm~475nm 800Kbit/s G:525nm Translucent Frosted Lens op View Mount SMD-4P,2x2mm RGB LEDs(Built-in IC) ROHS"
WS2812B,LED,3,XL-3535RGBC-2812B,False,C2843786,Extended,SMD3535-4P,0,False,0.1175,-20C~+85C 1.1mm 1.5kHz 120 deg  3.5mm 3.5mm 3000V 4.5V~5.5V 620nm~625nm 800Kbit/s G:525nm R:200mcd Water Clear op View Mount SMD3535-4P RGB LEDs(Built-in IC) ROHS
WS2812B,LED,3,WS2812B-V5,False,C2846931,Extended,SMD5050-4P,0,False,0.0732,-40C~+65C 0.6mA 2kHz 621nm 800Kbit/s G:520nm R:310mcd SMD5050-4P RGB LEDs(Built-in IC) ROHS
WS2812B,LED,3,WS2812B,False,C9900004137,Extended,LED-4_5050,0,False,0.0002,LED-4_5050 SMT ROHS
WS2812B,LED,3,WS2812B,False,C9900004370,Extended,LED-SMD_4P-L5.0-W5.0-P3.20-LS5.4,0,False,0.0002,LED-SMD_4P-L5.0-W5.0-P3.20-LS5.4 SMT ROHS
WS2812B,LED,3,WS2812B,False,C9900011976,Extended,SMD-0807,0,False,0.0002,SMD-0807 SMT ROHS
WS2812B,LED,3,ws2812b,False,C9900021185,Extended,SMD,0,False,0.0191,SMD SMT ROHS
WS2812B,LED,3,WS2812B,False,C9900022027,Extended,3227(1209),0,False,0.0191,3227(1209) SMT ROHS
WS2812B,LED,3,WS2812B,False,C9900024947,Extended,LED-RGB3050,0,False,0.0191,LED-RGB3050 SMT ROHS
WS2812B,LED,3,WS2812B,False,C9900029397,Extended,-4P,0,False,0.0191,-4P New Arrivals ROHS
WS2812B,LED,3,WS2812B,False,C9900052989,Extended,6028,0,False,0.0191,6028 New Arrivals ROHS
WS2812B,LED,3,WS2812B,False,C9900054513,Extended,6028/3528,0,False,0.0191,6028/3528 New Arrivals ROHS
WS2812B,LED,3,WS2812B,False,C9900106807,Extended,SMD-LED-5328,0,False,0.0191,SMD-LED-5328 New Arrivals ROHS
WS2812B,LED,3,WS2812B,False,C9900137421,Extended,5050,0,False,0.0191,5050 New Arrivals ROHS
32.768kHz,XTAL,1,Q13FC13500004,True,C32346,Basic,SMD3215-2P,667935,True,0.1295,-40C~+85C 12.5pF 32.768kHz 70kOhm Crystal Oscillator +/-20ppm SMD3215-2P Crystals ROHS
32.768kHz,XTAL,1,X308032768KGB2SC,False,C52082,Extended,DT-38,203356,True,0.0489,-20C~+70C 12.5pF 32.768kHz Through Hole Crystal Oscillator +/-10ppm +/-20ppm DT-38 Crystals ROHS
32.768kHz,XTAL,1,X206032768KGB2SC,False,C2236,Extended,DT-26,129689,True,0.0498,-20C~+70C 12.5pF 32.768kHz Through Hole Crystal Oscillator +/-10ppm +/-20ppm DT-26 Crystals ROHS
32.768kHz,XTAL,1,Q13FC13500049,False,C95361,Extended,SMD3215-2P,112236,True,0.1486,-40C~+85C 32.768kHz 6pF 70kOhm Crystal Oscillator +/-20ppm SMD3215-2P Crystals ROHS
32.768kHz,XTAL,1,SC-32S32.768kHz20PPM12.5pF,False,C97606,Extended,SMD3215-2P,86312,True,0.1356,12.5pF 32.768kHz +/-20ppm SMD3215-2P Crystals ROHS
32.768kHz,XTAL,1,Q13MC14620002,False,C15482,Extended,MC-146,76999,True,0.1183,-40C~+85C 12.5pF 32.768kHz 65kOhm Crystal Oscillator +/-20ppm MC-146 Crystals ROHS
32.768kHz,XTAL,1,SC-32S32.768kHz20PPM7pF,False,C97604,Extended,SMD3215-2P,45041,True,0.1324,32.768kHz 7pF +/-20ppm SMD3215-2P Crystals ROHS
32.768kHz,XTAL,1,X206032768KGA2SC,False,C13712,Extended,DT-26,37494,True,0.0661,-20C~+70C 12.5pF 32.768kHz Through Hole Crystal Oscillator +/-30ppm +/-5ppm DT-26 Crystals ROHS
32.768kHz,XTAL,1,X1A0000610006,False,C99009,Extended,SMD2012-2P,36717,True,0.1572,-40C~+85C 32.768kHz 7pF 90kOhm Crystal Oscillator +/-20ppm SMD2012-2P Crystals ROHS
32.768kHz,XTAL,1,Q13FC13500003,False,C99010,Extended,SMD3215-2P,23139,True,0.1567,-40C~+85C 32.768kHz 70kOhm 9pF Crystal Oscillator +/-20ppm SMD3215-2P Crystals ROHS
32.768kHz,XTAL,1,X803832768KGD4GI,False,C12675,Extended,MC-306,17267,True,0.2307,-40C~+85C 12.5pF 32.768kHz Crystal Oscillator +/-20ppm +/-30ppm MC-306 Crystals ROHS
32.768kHz,XTAL,1,Q13MC30610003,False,C16320,Extended,MC-306,15817,True,0.1986,-40C~+85C 12.5pF 32.768kHz 35kOhm Crystal Oscillator +/-20ppm MC-306 Crystals ROHS
32.768kHz,XTAL,1,Q13MC30620006,False,C83979,Extended,MC-306,14788,True,0.2437,-40C~+85C 32.768kHz 35kOhm 6pF Crystal Oscillator +/-20ppm MC-306 Crystals ROHS
32.768kHz,XTAL,1,"SC-20S,32.768kHz,20PPM,12.5pF",False,C97607,Extended,SMD2012-2P,10755,True,0.1623,12.5pF 32.768kHz +/-20ppm SMD2012-2P Crystals ROHS
32.768kHz,XTAL,1,"SC-20S,32.768kHz,20PPM,7pF",False,C97602,Extended,SMD2012-2P,9766,True,0.1644,32.768kHz 7pF +/-20ppm SMD2012-2P Crystals ROHS
32.768kHz,XTAL,1,X803832768KID4GI,False,C86440,Extended,MC-306,7178,True,0.2782,-40C~+85C 32.768kHz 6pF Crystal Oscillator +/-20ppm +/-30ppm MC-306 Crystals ROHS
32.768kHz,XTAL,1,X1A0000610002,False,C55208,Extended,SMD2012-2P,6842,True,0.1714,-40C~+85C 12.5pF 32.768kHz 90kOhm Crystal Oscillator +/-20ppm SMD2012-2P Crystals ROHS
32.768kHz,XTAL,1,9H03200012,False,C90943,Extended,SMD2012-2P,4818,True,0.2282,-40C~+85C 12.5pF 32.768kHz 90kOhm Crystal Oscillator +/-20ppm SMD2012-2P Crystals ROHS
32.768kHz,XTAL,1,SC-32S32.768kHz20PPM9pF,False,C97605,Extended,SMD3215-2P,3282,True,0.142,32.768kHz 9pF +/-20ppm SMD3215-2P Crystals ROHS
32.768kHz,XTAL,1,X1A0001410001,False,C94674,Extended,SMD3215-2P,3049,True,0.1712,-40C~+85C 32.768kHz 50kOhm 7pF Crystal Oscillator +/-20ppm SMD3215-2P Crystals ROHS
32.768kHz,XTAL,1,9H03200031,False,C90944,Extended,SMD3215-2P,3000,True,0.2084,-40C~+85C 12.5pF 32.768kHz 70kOhm Crystal Oscillator +/-20ppm SMD3215-2P Crystals ROHS
32.768kHz,XTAL,1,CFS-20632768DZFB,False,C100098,Extended,DT-26,2603,True,0.0962,-20C~+70C 12.5pF 32.768kHz 35kOhm +/-20ppm DT-26 Crystals ROHS
32.768kHz,XTAL,1,Q13FC13500002,False,C48615,Extended,SMD3215-2P,2229,True,0.14,-40C~+85C 32.768kHz 70kOhm 7pF Crystal Oscillator +/-20ppm SMD3215-2P Crystals ROHS
32.768kHz,XTAL,1,9H03200034,False,C90945,Extended,SMD3215-2P,2180,True,0.2487,-40C~+85C 32.768kHz 70kOhm 7pF Crystal Oscillator +/-20ppm SMD3215-2P Crystals ROHS
32.768kHz,XTAL,1,X1A0000610008,False,C96341,Extended,SMD2012-2P,1994,True,0.2205,-40C~+85C 32.768kHz 90kOhm 9pF Crystal Oscillator +/-20ppm SMD2012-2P Crystals ROHS
32.768kHz,XTAL,1,X308032768KGI2SC,False,C70695,Extended,DT-38,1387,True,0.0764,-10ppm -20C~+70C 12.5pF 32.768kHz Through Hole Crystal Oscillator +/-10ppm DT-38 Crystals ROHS
32.768kHz,XTAL,1,X701532768KGD4GI,False,C52084,Extended,MC-146,655,True,0.203,-40C~+85C 12.5pF 32.768kHz Crystal Oscillator +/-20ppm +/-30ppm MC-146 Crystals ROHS
32.768kHz,XTAL,1,X1A0001410003,False,C94276,Extended,SMD3215-2P,558,True,0.1852,-40C~+85C 12.5pF 32.768kHz 50kOhm Crystal Oscillator +/-20ppm +/-20ppm SMD3215-2P Crystals ROHS
32.768kHz,XTAL,1,"SC-20S,32.768kHz,20PPM,9pF",False,C97603,Extended,SMD2012-2P,522,True,0.1752,32.768kHz 9pF +/-20ppm SMD2012-2P Crystals ROHS
32.768kHz,XTAL,1,X1A0001410006,False,C94673,Extended,SMD3215-2P,474,True,0.1708,-40C~+85C 32.768kHz 6pF Crystal Oscillator +/-20ppm SMD3215-2P Crystals ROHS
EC11,ENC,2,EC11E15244B2,True,C470754,Extended,Plugin,4304,True,1.6968,Plugin Rotary Encoders ROHS
EC11,ENC,2,EC11E15244G1,False,C370970,Extended,Plugin,3319,True,1.8322,Plugin Rotary Encoders ROHS
EC11,ENC,2,EC11E09244BS,False,C470742,Extended,Plugin,2722,True,1.5264,Plugin Rotary Encoders ROHS
EC11,ENC,2,EC11E18244A5,False,C255515,Extended,Plugin,2397,True,1.7333,Plugin Rotary Encoders ROHS
EC11,ENC,2,EC11N1525404,False,C470748,Extended,Plugin,2085,True,2.2233,Plugin Rotary Encoders ROHS
EC11,ENC,2,PEC11L-4115F-S0020,False,C143799,Extended,Plugin,1734,True,2.199,Plugin Rotary Encoders ROHS
EC11,ENC,2,EC11E09204A4,False,C470709,Extended,Plugin,1176,True,1.54,Plugin Rotary Encoders ROHS
EC11,ENC,2,EC11E153440D,False,C370992,Extended,Plugin,1121,True,1.7698,Plugin Rotary Encoders ROHS
EC11,ENC,2,EC11K0924404,False,C470743,Extended,Plugin,970,True,2.1822,Plugin Rotary Encoders ROHS
EC11,ENC,2,PEC11R-4215F-S0024,False,C143790,Extended,Plugin,938,True,2.0316,Plugin Rotary Encoders ROHS
EC11,ENC,2,EC11M1565403,False,C470745,Extended,Plugin,725,True,2.38,Plugin Rotary Encoders ROHS
EC11,ENC,2,EC1110120005,False,C470788,Extended,Plugin,643,True,3.36,Plugin Rotary Encoders ROHS
EC11,ENC,2,EC11N1520402,False,C470704,Extended,Plugin,573,True,1.2372,Plugin Rotary Encoders ROHS
EC11,ENC,2,PEC11R-4220F-S0024,False,C143797,Extended,Plugin,472,True,2.307,Plugin Rotary Encoders ROHS
EC11,ENC,2,EC11E18244AU,False,C202365,Extended,Plugin,471,True,1.6496,Plugin Rotary Encoders ROHS
EC11,ENC,2,EC11E15204A3,False,C470710,Extended,Plugin,431,True,1.7927,Plugin Rotary Encoders ROHS
EC11,ENC,2,EC11E183440C,False,C370986,Extended,Plugin,369,True,1.8429,Plugin Rotary Encoders ROHS
EC11,ENC,2,EC11E1820402,False,C361167,Extended,Plugin,345,True,1.3133,Plugin Rotary Encoders ROHS
EC11,ENC,2,PEC11R-4015F-S0024,False,C143789,Extended,Plugin,313,True,2.0483,Plugin Rotary Encoders ROHS
EC11,ENC,2,PEC11R-4220F-S0012,False,C143817,Extended,Plugin,280,True,2.794,Plugin Rotary Encoders ROHS
EC11,ENC,2,EC11M1575403,False,C470757,Extended,Plugin,264,True,2.1898,Plugin Rotary Encoders ROHS
EC11,ENC,2,EC11E09244AQ,False,C470753,Extended,Plugin,224,True,1.7668,Plugin Rotary Encoders ROHS
EC11,ENC,2,EC11K1524406,False,C398934,Extended,Plugin,84,True,1.7896,Plugin Rotary Encoders ROHS
EC11,ENC,2,EC11N1524403,False,C470737,Extended,Plugin,82,True,2.2477,Plugin Rotary Encoders ROHS
EC11,ENC,2,EC11E1834403,False,C361165,Extended,Plugin,79,True,1.6435,Plugin Rotary Encoders ROHS
EC11,ENC,2,PEC11R-4220K-S0024,False,C462143,Extended,Plugin,79,True,2.4972,Plugin Rotary Switches ROHS
EC11,ENC,2,EC11J1525402,False,C209762,Extended,SMD,60,True,2.4166,SMD Rotary Encoders ROHS
EC11,ENC,2,EC11EBB24C03,False,C470790,Extended,Plugin,42,True,8.887,Plugin Rotary Encoders ROHS
EC11,ENC,2,PEC11R-4020F-S0024,False,C143788,Extended,Plugin,37,True,2.7727,Plugin Rotary Encoders ROHS
EC11,ENC,2,EC11N1520401,False,C470703,Extended,Plugin,13,True,1.6359,Plugin Rotary Encoders ROHS
PJ-320,JACK,1,PJ-320D,False,C431535,Extended,SMD,38036,True,0.0395,-20C~+80C 3.5mm Headphone Jack 30V 500mA Silver SMD Audio Connectors ROHS
PJ-320,JACK,1,PJ-3200,False,C2689690,Extended,Plugin,16285,True,0.0445,-20C~+70C 3.5mm Headphone Jack 30V 500mA Plugin Audio Connectors ROHS
PJ-320,JACK,1,PJ-320D,False,C22459515,Extended,SMD,3584,True,0.0221,3.5mm Headphone Jack 30V 500mA Copper SMD Audio Connectors ROHS
PJ-320,JACK,1,PJ-320A,False,C49284721,Extended,SMD,2595,True,0.0501,-25C~+85C 3.5mm Headphone Jack 30V 500mA Copper Gold SMD Audio Connectors ROHS
PJ-320,JACK,1,PJ-320A,False,C22459514,Extended,Plugin,2553,True,0.023,3.5mm Headphone Jack 30V 500mA Copper Plugin Audio Connectors ROHS
PJ-320,JACK,1,PJ-320A,False,C2884926,Extended,Plugin,2023,True,0.0837,-20C~+70C 3.5mm Headphone Jack 30V 500mA Plugin Audio Connectors ROHS
PJ-320,JACK,1,PJ-320D,False,C49284722,Extended,SMD,1633,True,0.0626,-25C~+85C 3.5mm Headphone Jack 30V 500mA Copper Gold SMD Audio Connectors ROHS
PJ-320,JACK,1,PJ-320(OS),False,C2939180,Extended,Plugin,1240,True,0.0707,3.5mm Headphone Jack Plugin Audio Connectors ROHS
PJ-320,JACK,1,PJ-320D,False,C521460,Extended,SMD,1167,True,0.0735,1A 3.5mm Headphone Jack 30V Phosphor Bronze Silver SMD Audio Connectors ROHS
PJ-320,JACK,1,PJ-320AG-B,False,C2884984,Extended,Plugin,1031,True,0.1796,-20C~+70C 3.5mm Headphone Jack 30V 500mA Plugin Audio Connectors ROHS
PJ-320,JACK,1,PJ-320F,False,C2939184,Extended,Plugin,1007,True,0.0997,3.5mm Headphone Jack Tin Plugin Audio Connectors ROHS
PJ-320,JACK,1,PJ-320E,False,C2939183,Extended,Plugin,880,True,0.1023,3.5mm Headphone Jack Brass Silver Plugin Audio Connectors ROHS
PJ-320,JACK,1,XY-PJ-320A,False,C49657056,Extended,Plugin,670,True,0.0315,3.5mm Headphone Jack 30V 500mA Phosphor Bronze Silver Plugin Audio Connectors ROHS
PJ-320,JACK,1,PJ-3200-3A,False,C709202,Extended,Plugin,491,True,0.0647,-20C~+70C 3.5mm Headphone Jack 30V 500mA Plugin Audio Connectors ROHS
PJ-320,JACK,1,PJ-320D,False,C22355740,Extended,SMD,480,True,0.0912,-35C~+75C 24V 3.5mm Headphone Jack 50mA Phosphor Bronze SMD Audio Connectors ROHS
PJ-320,JACK,1,PJ-320D-4A,False,C95562,Extended,SMD,426,True,0.0743,-20C~+70C 3.5mm Headphone Jack 30V 500mA Gold Phosphor Bronze SMD Audio Connectors ROHS
PJ-320,JACK,1,HX PJ-320D,False,C5184836,Extended,SMD,197,True,0.034,SMD Audio Connectors ROHS
PJ-320,JACK,1,PJ-320B,False,C22355831,Extended,SMD,192,True,0.0369,-25C~+75C 24V 25mA 3.5mm Headphone Jack Phosphor Bronze SMD Audio Connectors ROHS
PJ-320,JACK,1,PJ-320A,False,C22355837,Extended,Plugin,62,True,0.05,-35C~+75C 12V 250mA 3.5mm Headphone Jack Phosphor Bronze Plugin Audio Connectors ROHS
PJ-320,JACK,1,PJ-320B-3A,False,C707224,Extended,SMD,60,True,0.0805,-20C~+70C 3.5mm Headphone Jack 30V 500mA SMD Audio Connectors ROHS
PJ-320,JACK,1,PJ-320JH4,False,C2884974,Extended,Plugin,1,True,0.1964,-20C~+70C 3.5mm Headphone Jack 30V 500mA Plugin Audio Connectors ROHS
PJ-320,JACK,1,PJ-320,False,C9900191646,Extended,SMD,0,False,0.0191,SMD SMT ROHS
PJ-320,JACK,1,PJ-320A,False,C12569,Extended,AUDIO-TH,0,False,0.0494,AUDIO-TH Audio Connectors ROHS
PJ-320,JACK,1,PJ-320E,False,C2884941,Extended,Plugin,0,False,0.0875,Plugin Audio Connectors ROHS
PJ-320,JACK,1,PJ-320A,False,C9900002947,Extended,AUDIO-TH,0,False,0.0002,AUDIO-TH SMT ROHS
PJ-320,JACK,1,PJ-320D,False,C2987375,Extended,SMD,0,False,0.0424,-40C~+55C 30V 500mA Tin  SMD Audio Connectors ROHS
PJ-320,JACK,1,PJ-320B,False,C9900015649,Extended,PJ-320B,0,False,0.0191,PJ-320B SMT ROHS
PJ-320,JACK,1,PJ-320D,False,C7544643,Extended,SMD,0,False,0.0191,SMD New Arrivals ROHS
PJ-320,JACK,1,PJ-320D-X,False,C319111,Extended,SMD,0,False,0.1245,-20C~+70C 3.5mm Headphone Jack 30V 500mA SMD Audio Connectors ROHS
PJ-320,JACK,1,PJ-320JHW,False,C5146691,Extended,-,0,False,0.133,3.5mm Headphone Jack - Audio Connectors ROHS
S2B-PH,BATT,1,S2B-PH-K-S(LF)(SN),True,C173752,Extended,"Push-Pull,P=2mm",88126,True,0.0267,"-25C~+85C 1 100V 1x2P 2 2A 2P 2mm 4.8mm 5.9mm 7.6mm Brass K Pin PA66 PH Right Angle Tin UL94V-0 White Push-Pull,P=2mm Wire To Board Connector ROHS"
S2B-PH,BATT,1,S2B-PH-K(LF)(SN),False,C265016,Extended,"Push-Pull,P=2mm",24372,True,0.0506,"-25C~+85C 1 100V 1x2P 2 2A 2P 2mm 4.8mm 5.9mm 7.6mm Brass K Pin PA66 PH Right Angle Tin UL94V-0 White Push-Pull,P=2mm Wire To Board Connector ROHS"
S2B-PH,BATT,1,S2B-PH-KL(LF)(SN),False,C160237,Extended,"Push-Pull,P=2mm",13258,True,0.0474,"-25C~+85C 1 100V 1x2P 2 2A 2P 2mm 4.8mm 5.9mm 7.6mm Copper Alloy Gray K Pin PA66 PH Right Angle Tin UL94V-0 Push-Pull,P=2mm Wire To Board Connector ROHS"
S2B-PH,BATT,1,S2B-PH-SM4-TB(LF)(SN),False,C295747,Extended,"SMD,P=2mm,Surface MountRight Angle",11478,True,0.1279,"-25C~+85C 1 100V 1x2P 2 2A 2P 2mm 5.5mm 7.9mm 8.6mm Auxiliary Solder Pin Beige Copper Alloy PA PH Surface Mount, Right Angle Tin UL94V-0 SMD,P=2mm,Surface MountRight Angle Wire To Board Connector ROHS"
S2B-PH,BATT,1,XY-S2B-PH-K,False,C51940126,Extended,"Plugin,P=2mm",1645,True,0.0049,"-25C~+85C 1 1x2P 2 250V 2A 2P 2mm Brass PA66 Through Hole Tin UL94V-0 Plugin,P=2mm Wire To Board Connector ROHS"
S2B-PH,BATT,1,S2B-PH-K-S-GW,False,C157932,Extended,"Push-Pull,P=2mm",942,True,0.487,"-25C~+85C 1 100V 1x2P 2 2A 2P 2mm 4.8mm 5.9mm 7.6mm Brass K Pin PA66 PH Right Angle Tin UL94V-0 White Push-Pull,P=2mm Wire To Board Connector ROHS"
S2B-PH,BATT,1,XY-S2B-PH-SM4,False,C51940124,Extended,"SMD,P=2mm,Surface MountRight Angle",640,True,0.0227,"-25C~+85C 1 100V 1x2P 2 2A 2P 2mm Brass LCP Surface Mount, Right Angle Tin UL94V-0 SMD,P=2mm,Surface MountRight Angle Wire To Board Connector ROHS"
S2B-PH,BATT,1,S2B-PH-SM4-TB,False,C9900150953,Extended,"SMD,P=2mm,2P",0,False,0.0191,"SMD,P=2mm,2P New Arrivals ROHS"
S2B-PH,BATT,1,S2B-PH-K-R(LF)(SN),False,C594993,Extended,Plugin,0,False,0.0407,-25C~+85C 1 100V 1x2P 2 2A 2P 2mm 4.8mm 5.9mm 7.6mm Brass K Pin PA66 PH Red Right Angle Tin UL94V-0 Plugin Wire To Board Connector ROHS
6x6 tactile,SW,1,KH-6X6X5H-STM,True,C2837531,Extended,"SMD-4P,6x6mm",234051,True,0.0129,"12V 50mA 5mm 6mm 6mm 80,000 Cycles Black Gull Wing Round Button SPST Surface Mount,Vertical Without Bracket SMD-4P,6x6mm Tactile Switches ROHS"
6x6 tactile,SW,1,KH-6X6X6H-STM,False,C2837532,Extended,"SMD-4P,6x6mm",130189,True,0.0138,"12V 50mA 6mm 6mm 6mm 80,000 Cycles Black Gull Wing Round Button SPST Surface Mount,Vertical Without Bracket SMD-4P,6x6mm Tactile Switches ROHS"
6x6 tactile,SW,1,KH-6X6X7H-STM,False,C2837533,Extended,"SMD-4P,6x6mm",87782,True,0.0168,"12V 50mA 6mm 6mm 7mm 80,000 Cycles Black Gull Wing Round Button SPST Surface Mount,Vertical Without Bracket SMD-4P,6x6mm Tactile Switches ROHS"
6x6 tactile,SW,1,KH-6X6X4.3H-STM,False,C2837530,Extended,"SMD-4P,6x6mm",80587,True,0.0146,"12V 4.3mm 50mA 6mm 6mm 80,000 Cycles Black Gull Wing Round Button SPST Surface Mount,Vertical Without Bracket SMD-4P,6x6mm Tactile Switches ROHS"
6x6 tactile,SW,1,KH-6X6X8H-STM,False,C2837534,Extended,"SMD-4P,6x6mm",58259,True,0.0194,"12V 2.5N 50mA 6mm 6mm 80,000 Cycles Black Gull Wing Round Button SPST Surface Mount,Vertical Without Bracket SMD-4P,6x6mm Tactile Switches ROHS"
6x6 tactile,SW,1,KH-6X6X9H-TJ,False,C2837519,Extended,"Plugin-4P,6x6mm",54394,True,0.0117,"-25C~+70C 12V 2.6N 50mA 6mm 6mm 9mm Black PC Pin Round Button SPST Through Hole Without Bracket Plugin-4P,6x6mm Tactile Switches ROHS"
6x6 tactile,SW,1,KH-6X6X6H-TJ,False,C2837516,Extended,"Plugin-4P,6x6mm",49401,True,0.0112,"-25C~+70C 12V 2.6N 50mA 6mm 6mm 6mm Black PC Pin Round Button SPST Through Hole Without Bracket Plugin-4P,6x6mm Tactile Switches ROHS"
6x6 tactile,SW,1,KH-6X6X7H-TJ,False,C2837517,Extended,"Plugin-4P,6x6mm",31135,True,0.0118,"-25C~+70C 12V 2.6N 50mA 6mm 6mm 7mm Black PC Pin Round Button SPST Through Hole Without Bracket Plugin-4P,6x6mm Tactile Switches ROHS"
6x6 tactile,SW,1,KH-6X6X5H-TJ,False,C2837515,Extended,"Plugin-4P,6x6mm",29775,True,0.0118,"-25C~+70C 12V 2.6N 50mA 5mm 6mm 6mm Black PC Pin Round Button SPST Through Hole Without Bracket Plugin-4P,6x6mm Tactile Switches ROHS"
6x6 tactile,SW,1,KH-6X6X9H-STM,False,C2837535,Extended,"SMD-4P,6x6mm",28056,True,0.0195,"12V 50mA 6mm 6mm 80,000 Cycles 9mm Black Gull Wing Round Button SPST Surface Mount,Vertical Without Bracket SMD-4P,6x6mm Tactile Switches ROHS"
6x6 tactile,SW,1,KH-6X6X6H-ZJ,False,C2837542,Extended,Plugin,10497,True,0.0206,"100,000 Cycles Black PC Pin Right Angle Round Button SPST With Bracket Plugin Tactile Switches ROHS"
6x6 tactile,SW,1,KH-6X6X8H-TJ,False,C2837518,Extended,"Plugin-4P,6x6mm",8819,True,0.0114,"-25C~+70C 12V 2.6N 50mA 6mm 6mm 8mm Black PC Pin Round Button SPST Through Hole Without Bracket Plugin-4P,6x6mm Tactile Switches ROHS"
6x6 tactile,SW,1,KH-6X6X11H-STM,False,C2837537,Extended,"SMD-4P,6x6mm",7969,True,0.0252,"11mm 12V 50mA 6mm 6mm 80,000 Cycles Black Gull Wing Round Button SPST Surface Mount,Vertical Without Bracket SMD-4P,6x6mm Tactile Switches ROHS"
6x6 tactile,SW,1,KH-6X6X12H-TJ,False,C2837522,Extended,"Plugin-4P,6x6mm",7064,True,0.0124,"-25C~+70C 12V 12mm 2.6N 50mA 6mm 6mm Black PC Pin Round Button SPST Through Hole Without Bracket Plugin-4P,6x6mm Tactile Switches ROHS"
6x6 tactile,SW,1,KH-6X6X10H-STM,False,C2837536,Extended,"SMD-4P,6x6mm",5292,True,0.0221,"10mm 12V 50mA 6mm 6mm 80,000 Cycles Black Gull Wing Round Button SPST Surface Mount,Vertical Without Bracket SMD-4P,6x6mm Tactile Switches ROHS"
6x6 tactile,SW,1,KH-6X6X13H-TJ,False,C2837523,Extended,"Plugin-4P,6x6mm",4640,True,0.0129,"-25C~+70C 12V 13mm 2.6N 50mA 6mm 6mm Black PC Pin Round Button SPST Through Hole Without Bracket Plugin-4P,6x6mm Tactile Switches ROHS"
6x6 tactile,SW,1,KH-6X6X10H-TJ,False,C2837520,Extended,"Plugin-4P,6x6mm",3625,True,0.0134,"-25C~+70C 10mm 12V 2.6N 50mA 6mm 6mm Black PC Pin Round Button SPST Through Hole Without Bracket Plugin-4P,6x6mm Tactile Switches ROHS"
6x6 tactile,SW,1,KH-6X6X4.3H-TJ,False,C2837514,Extended,"Plugin-4P,6x6mm",3523,True,0.011,"-25C~+70C 12V 2.6N 4.3mm 50mA 6mm 6mm Black PC Pin Round Button SPST Through Hole Without Bracket Plugin-4P,6x6mm Tactile Switches ROHS"
6x6 tactile,SW,1,KH-6X6X13H-STM,False,C2837539,Extended,"SMD-4P,6x6mm",2905,True,0.0279,"12V 13mm 50mA 6mm 6mm 80,000 Cycles Black Gull Wing Round Button SPST Surface Mount,Vertical Without Bracket SMD-4P,6x6mm Tactile Switches ROHS"
6x6 tactile,SW,1,KH-6X6X5H-ZJ,False,C2837541,Extended,",6x6mm",2344,True,0.0194,"100,000 Cycles 5mm 6mm 6mm Black PC Pin Right Angle Round Button SPST With Bracket ,6x6mm Tactile Switches ROHS"
6x6 tactile,SW,1,KH-6X6X16H-TJ,False,C2837526,Extended,"Plugin-4P,6x6mm",1981,True,0.0152,"-25C~+70C 12V 16mm 2.6N 50mA 6mm 6mm Black PC Pin Round Button SPST Through Hole Without Bracket Plugin-4P,6x6mm Tactile Switches ROHS"
6x6 tactile,SW,1,KH-6X6X7H-ZJ,False,C2837543,Extended,",6x6mm",1849,True,0.0198,"100,000 Cycles 6mm 6mm 7mm Black PC Pin Right Angle Round Button SPST With Bracket ,6x6mm Tactile Switches ROHS"
6x6 tactile,SW,1,KH-6X6X17H-TJ,False,C2837527,Extended,"Plugin-4P,6x6mm",1756,True,0.0147,"-25C~+70C 12V 17mm 2.6N 50mA 6mm 6mm Black PC Pin Round Button SPST Through Hole Without Bracket Plugin-4P,6x6mm Tactile Switches ROHS"
6x6 tactile,SW,1,KH-6X6X19H-TJ,False,C2837529,Extended,"Plugin-4P,6x6mm",1655,True,0.0168,"-25C~+70C 12V 19mm 2.6N 50mA 6mm 6mm Black PC Pin Round Button SPST Through Hole Without Bracket Plugin-4P,6x6mm Tactile Switches ROHS"
6x6 tactile,SW,1,KH-6X6X14H-TJ,False,C2837524,Extended,"Plugin-4P,6x6mm",901,True,0.0145,"-25C~+70C 12V 14mm 2.6N 50mA 6mm 6mm Black PC Pin Round Button SPST Through Hole Without Bracket Plugin-4P,6x6mm Tactile Switches ROHS"
6x6 tactile,SW,1,KH-6X6X12H-STM,False,C2837538,Extended,"SMD-4P,6x6mm",745,True,0.0273,"12V 12mm 50mA 6mm 6mm 80,000 Cycles Black Gull Wing Round Button SPST Surface Mount,Vertical Without Bracket SMD-4P,6x6mm Tactile Switches ROHS"
6x6 tactile,SW,1,KH-6X6X18H-TJ,False,C2837528,Extended,"Plugin-4P,6x6mm",655,True,0.0162,"-25C~+70C 12V 18mm 2.6N 50mA 6mm 6mm Black PC Pin Round Button SPST Through Hole Without Bracket Plugin-4P,6x6mm Tactile Switches ROHS"
6x6 tactile,SW,1,KH-6X6X4.3H-ZJ,False,C2837540,Extended,",6x6mm",533,True,0.0195,"100,000 Cycles 4.3mm 6mm 6mm Black PC Pin Right Angle Round Button SPST With Bracket ,6x6mm Tactile Switches ROHS"
6x6 tactile,SW,1,KH-6X6X11H-TJ,False,C2837521,Extended,"Plugin-4P,6x6mm",222,True,0.0148,"-25C~+70C 11mm 12V 2.6N 50mA 6mm 6mm Black PC Pin Round Button SPST Through Hole Without Bracket Plugin-4P,6x6mm Tactile Switches ROHS"
6x6 tactile,SW,1,KH-6X6X15H-TJ,False,C2837525,Extended,"Plugin-4P,6x6mm",5,True,0.0086,"-25C~+70C 12V 15mm 2.6N 50mA 6mm 6mm Black PC Pin Round Button SPST Through Hole Without Bracket Plugin-4P,6x6mm Tactile Switches ROHS"
TYPE-C-31-M-12,USB,1,TYPE-C-31-M-12,True,C165948,Extended,SMD,166073,True,0.1353,USB Type-C connector 16pin SMD
PJ-320A,JACK,1,PJ-320A-4P DIP,True,C18185602,Extended,Plugin,10115,True,0.0392,3.5mm 4-pin headphone jack TRS with detection
KH-2.54PH180-1X4P,OLED_HDR,1,KH-2.54PH180-1X4P-L11.5,True,C2905435,Extended,"Plugin,P=2.54mm",20601,True,0.0229,-40C~+105C 1 1x4P 2.54mm 2.5mm 3A 3mm 4P 6mm Black Pin Header Through Hole Plugin P=2.54mm Pin Headers ROHS
